recording,mps_folder,quality,pos_std_mm,yaw_std,valid
ofire0_1,mps_ofire0_1_vrs,0.997,0.48,0.198,True
ofire0_2,mps_ofire0_2_vrs,0.996,0.32,0.153,True
ofire0_3,mps_ofire0_3_vrs,0.996,0.38,0.195,True
ofire45_1,mps_ofire45_1_vrs,0.996,0.35,0.133,True
ofire45_2,mps_ofire45_2_vrs,0.996,0.33,0.087,True
ofire45_3,mps_ofire45_3_vrs,0.996,0.35,0.093,True
ofire-45_1,mps_ofire-45_1_vrs,0.997,0.22,0.159,True
ofire-45_2,mps_ofire-45_2_vrs,0.996,0.33,0.097,True
ofire-45_3,mps_ofire-45_3_vrs,0.996,0.29,0.097,True
ofire90_1,mps_ofire90_1_vrs,0.996,0.39,0.103,True
ofire90_2,mps_ofire90_2_vrs,0.995,0.6,0.587,True
ofire90_3,mps_ofire90_3_vrs,0.995,0.55,0.101,True
ofire-90_1,mps_ofire-90_1_vrs,0.996,0.35,0.099,True
ofire-90_2,mps_ofire-90_2_vrs,0.995,0.34,0.144,True
ofire-90_3,mps_ofire-90_3_vrs,0.995,0.26,0.062,True
ophon0_1,mps_ophon0_1_vrs,0.998,0.48,0.186,True
ophon0_2,mps_ophon0_2_vrs,0.996,0.26,0.199,True
ophon0_3,mps_ophon0_3_vrs,0.995,0.32,0.101,True
ophon45_1,mps_ophon45_1_vrs,0.996,0.35,0.164,True
ophon45_2,mps_ophon45_2_vrs,0.996,0.28,0.125,True
ophon45_3,mps_ophon45_3_vrs,0.997,0.27,0.136,True
ophon-45_1,mps_ophon-45_1_vrs,0.997,0.36,0.127,True
ophon-45_2,mps_ophon-45_2_vrs,0.998,0.74,0.157,True
ophon-45_3,mps_ophon-45_3_vrs,0.996,0.34,0.112,True
ophon90_1,mps_ophon90_1_vrs,0.997,0.38,0.079,True
ophon90_3,mps_ophon90_3_vrs,0.995,0.33,0.07,True
ophon-90_1,mps_ophon-90_1_vrs,0.996,0.39,0.126,True
ophon-90_2,mps_ophon-90_2_vrs,0.992,0.4,0.15,True
ophon-90_3,mps_ophon-90_3_vrs,0.997,0.37,0.095,True
kfire0_1,mps_kfire0_1_vrs,0.995,0.36,0.069,True
kfire0_2,mps_kfire0_2_vrs,0.994,0.43,0.084,True
kfire0_3,mps_kfire0_3_vrs,0.996,0.63,0.161,True
kfire45_1,mps_kfire45_1_vrs,0.997,0.3,0.089,True
kfire45_2,mps_kfire45_2_vrs,0.995,0.54,0.076,True
kfire45_3,mps_kfire45_3_vrs,0.993,0.39,0.076,True
kfire-45_1,mps_kfire-45_1_vrs,0.997,0.41,0.193,True
kfire-45_2,mps_kfire-45_2_vrs,0.996,0.44,0.156,True
kfire-45_3,mps_kfire-45_3_vrs,0.996,0.39,0.074,True
kfire90_1,mps_kfire90_1_vrs,0.997,0.46,0.119,True
kfire90_2,mps_kfire90_2_vrs,0.994,0.21,0.062,True
kfire90_3,mps_kfire90_3_vrs,0.996,0.31,0.217,True
kfire-90_1,mps_kfire-90_1_vrs,0.995,0.31,0.128,True
kfire-90_2,mps_kfire-90_2_vrs,0.995,0.51,0.129,True
kfire-90_3,mps_kfire-90_3_vrs,0.996,0.35,0.084,True
kphon0_1,mps_kphon0_1_vrs,0.996,0.57,0.141,True
kphon0_2,mps_kphon0_2_vrs,0.996,0.6,0.236,True
kphon0_3,mps_kphon0_3_vrs,0.998,0.68,0.17,True
kphon45_1,mps_kphon45_1_vrs,0.996,0.25,0.196,True
kphon45_2,mps_kphon45_2_vrs,0.995,0.77,0.134,True
kphon45_3,mps_kphon45_3_vrs,0.995,0.35,0.119,True
kphon-45_1,mps_kphon-45_1_vrs,0.996,0.42,0.103,True
kphon-45_2,mps_kphon-45_2_vrs,0.996,0.31,0.102,True
kphon-45_3,mps_kphon-45_3_vrs,0.996,0.4,0.082,True
kphon90_1,mps_kphon90_1_vrs,0.994,0.38,0.119,True
kphon90_2,mps_kphon90_2_vrs,0.995,0.33,0.087,True
kphon90_3,mps_kphon90_3_vrs,0.995,0.62,0.165,True
kphon-90_1,mps_kphon-90_1_vrs,0.997,0.44,0.17,True
kphon-90_2,mps_kphon-90_2_vrs,0.997,0.62,0.115,True
kphon-90_3,mps_kphon-90_3_vrs,0.995,0.5,0.09,True
kbaby0_1,mps_kbaby0_1_vrs,0.998,0.54,0.306,True
kbaby0_2,mps_kbaby0_2_vrs,0.998,0.89,0.168,True
kbaby0_3,mps_kbaby0_3_vrs,0.997,0.23,0.106,True
kbaby45_1,mps_kbaby45_1_vrs,0.998,0.73,0.228,True
kbaby45_2,mps_kbaby45_2_vrs,0.997,0.33,0.073,True
kbaby45_3,mps_kbaby45_3_vrs,0.996,0.47,0.108,True
kbaby-45_1,mps_kbaby-45_1_vrs,0.997,0.34,0.071,True
kbaby-45_2,mps_kbaby-45_2_vrs,0.997,0.64,0.267,True
kbaby-45_3,mps_kbaby-45_3_vrs,0.997,0.54,0.186,True
kbaby90_1,mps_kbaby90_1_vrs,0.997,0.32,0.112,True
kbaby90_2,mps_kbaby90_2_vrs,0.996,0.32,0.123,True
kbaby90_3,mps_kbaby90_3_vrs,0.997,0.27,0.085,True
kbaby-90_1,mps_kbaby-90_1_vrs,0.997,0.4,0.235,True
kbaby-90_2,mps_kbaby-90_2_vrs,0.997,0.43,0.144,True
kbaby-90_3,mps_kbaby-90_3_vrs,0.996,0.37,0.122,True
ccar_0_1,mps_ccar_0_1_vrs,0.997,0.5,0.168,True
ccar_0_2,mps_ccar_0_2_vrs,0.997,0.48,0.294,True
ccar_0_3,mps_ccar_0_3_vrs,0.997,0.29,0.091,True
ccar_45_1,mps_ccar_45_1_vrs,0.995,0.31,0.259,True
ccar_45_2,mps_ccar_45_2_vrs,0.996,0.39,0.154,True
ccar_45_3,mps_ccar_45_3_vrs,0.997,0.59,0.111,True
ccar_-45_1,mps_ccar_-45_1_vrs,0.996,0.33,0.141,True
ccar_-45_2,mps_ccar_-45_2_vrs,0.996,0.31,0.138,True
ccar_-45_3,mps_ccar_-45_3_vrs,0.997,0.29,0.135,True
ccar_90_1,mps_ccar_90_1_vrs,0.997,0.29,0.103,True
ccar_90_2,mps_ccar_90_2_vrs,0.996,0.36,0.086,True
ccar_90_3,mps_ccar_90_3_vrs,0.996,0.43,0.238,True
ccar_-90_1,mps_ccar_-90_1_vrs,0.996,0.3,0.106,True
ccar_-90_2,mps_ccar_-90_2_vrs,0.997,0.31,0.073,True
ccar_-90_3,mps_ccar_-90_3_vrs,0.996,0.22,0.093,True
studio_fire0_1,mps_studio_fire0_1_vrs,0.998,0.52,0.102,True
studio_fire0_2,mps_studio_fire0_2_vrs,0.996,0.36,0.409,True
studio_fire0_3,mps_studio_fire0_3_vrs,0.996,0.63,0.286,True
studio_fire45_1,mps_studio_fire45_1_vrs,0.996,0.33,0.167,True
studio_fire45_2,mps_studio_fire45_2_vrs,0.995,0.39,0.306,True
studio_fire45_3,mps_studio_fire45_3_vrs,0.996,0.34,0.208,True
studio_fire-45_1,mps_studio_fire-45_1_vrs,0.997,0.5,0.121,True
studio_fire-45_2,mps_studio_fire-45_2_vrs,0.995,0.31,0.132,True
studio_fire-45_3,mps_studio_fire-45_3_vrs,0.995,0.24,0.114,True
studio_fire90_1,mps_studio_fire90_1_vrs,0.996,0.51,0.182,True
studio_fire90_2,mps_studio_fire90_2_vrs,0.996,0.25,0.092,True
studio_fire90_3,mps_studio_fire90_3_vrs,0.996,0.37,0.372,True
studio_fire-90_1,mps_studio_fire-90_1_vrs,0.996,0.76,0.351,True
studio_fire-90_3,mps_studio_fire-90_3_vrs,0.996,0.46,0.336,True
studio_phone0_1,mps_studio_phone0_1_vrs,0.997,0.54,0.273,True
studio_phone0_2,mps_studio_phone0_2_vrs,0.998,0.67,0.204,True
studio_phone0_3,mps_studio_phone0_3_vrs,0.991,0.3,0.222,True
studio_phone45_1,mps_studio_phone45_1_vrs,0.996,0.51,0.389,True
studio_phone45_2,mps_studio_phone45_2_vrs,0.994,0.36,0.115,True
studio_phone45_3,mps_studio_phone45_3_vrs,0.997,0.39,0.152,True
studio_phone-45_1,mps_studio_phone-45_1_vrs,0.996,0.85,0.507,True
studio_phone-45_2,mps_studio_phone-45_2_vrs,0.996,0.5,0.142,True
studio_phone-45_3,mps_studio_phone-45_3_vrs,0.996,0.42,0.162,True
studio_phone90_1,mps_studio_phone90_1_vrs,0.996,0.57,0.175,True
studio_phone90_2,mps_studio_phone90_2_vrs,0.997,0.4,0.177,True
studio_phone90_3,mps_studio_phone90_3_vrs,0.996,0.4,0.096,True
studio_phone-90_1,mps_studio_phone-90_1_vrs,0.996,0.4,0.112,True
studio_phone-90_2,mps_studio_phone-90_2_vrs,0.997,0.28,0.224,True
studio_phone-90_3,mps_studio_phone-90_3_vrs,0.995,0.4,0.189,True
